,날짜,시가,고가,저가,종가,거래량,거래대금,등락률,기관합계,기타법인,개인,외국인합계,공매도,매수,비중,종목코드
0,2021-08-06,53700,69800,51000,69800,59402373,3750576118800,29.98,99622598300.0,-24123080900.0,-303717895100.0,228218377700.0,0.0,59402373.0,0.0,A323410
1,2021-08-09,69800,89100,69000,78500,44833696,3693290372000,12.46,-19275042200.0,-5855899800.0,68719431400.0,-43588489400.0,4937.0,44833696.0,0.01,A323410
2,2021-08-10,81800,85600,68000,71400,26495122,1951618052400,-9.04,61677975300.0,-428238438700.0,357318437600.0,9242025800.0,7976.0,26495122.0,0.03,A323410
3,2021-08-11,71200,77500,68100,74400,21592734,1612276943500,4.2,65866901200.0,-760958500.0,-93653761100.0,28547818400.0,8468.0,21592734.0,0.04,A323410
4,2021-08-12,73600,75400,72700,73800,5878196,435828753800,-0.81,23313595600.0,-106615600.0,-37257733000.0,14050753000.0,2220.0,5878196.0,0.04,A323410
5,2021-08-13,73500,78600,73500,76600,10907993,833265977000,3.79,43260739300.0,153053400.0,-74810090300.0,31396297600.0,66.0,10907993.0,0.0,A323410
6,2021-08-17,78100,88300,77500,87400,24272931,2023549857900,14.1,48336387800.0,-556306100.0,-139512098200.0,91732016500.0,1100.0,24272931.0,0.0,A323410
7,2021-08-18,89600,94400,83800,84500,21008684,1902924333900,-3.32,9404428900.0,625320400.0,-53176547100.0,43146797800.0,284.0,21008684.0,0.0,A323410
8,2021-08-19,87300,92300,86400,92000,13606690,1214265765200,8.88,29024735000.0,-347517600.0,-67423098700.0,38745881300.0,16.0,13606690.0,0.0,A323410
9,2021-08-20,92800,94000,88600,91000,15815275,1446903524600,-1.09,45376562400.0,25739800.0,-61933248000.0,16530945800.0,5004.0,15815275.0,0.03,A323410
10,2021-08-23,91900,92800,87900,89800,4868621,438641116800,-1.32,4879983900.0,-754999100.0,-3819252900.0,-305731900.0,4620.0,4868621.0,0.09,A323410
11,2021-08-24,90000,90000,84700,85400,6553145,565588294800,-4.9,19948341800.0,-966214300.0,36052598100.0,-55034725600.0,0.0,6553145.0,0.0,A323410
12,2021-08-25,84500,84600,81500,82100,6086152,501765965800,-3.86,22155834100.0,-133524503400.0,24507286800.0,86861382500.0,0.0,6086152.0,0.0,A323410
13,2021-08-26,83400,85300,82100,83400,4255489,356482377400,1.58,10884760900.0,433504500.0,14225506900.0,-25543772300.0,0.0,4255489.0,0.0,A323410
14,2021-08-27,82500,84400,82500,83800,2174014,181581194600,0.48,13435533500.0,-49057300.0,-11446764300.0,-1939711900.0,4.0,2174014.0,0.0,A323410
15,2021-08-30,84000,84300,81600,81900,1782049,146562122300,-2.27,7001986400.0,-14274100.0,-6408924700.0,-578787600.0,67.0,1782049.0,0.0,A323410
16,2021-08-31,81000,83900,80900,83900,1768789,145547183800,2.44,7624765600.0,-104565700.0,-25437428700.0,17917228800.0,5218.0,1768789.0,0.3,A323410
17,2021-09-01,83800,88900,82900,88800,6376407,554585161300,5.84,15388171600.0,18631000.0,-87325436800.0,71918634200.0,73.0,6376407.0,0.0,A323410
18,2021-09-02,81800,83600,81000,81900,22859096,1850634875700,-7.77,-885112504500.0,4552523100.0,249000745000.0,631559236400.0,1082.0,22859096.0,0.0,A323410
19,2021-09-03,82900,83000,80200,80800,3987547,324387884400,-1.34,-2218049700.0,1092077500.0,113828374400.0,-112702402200.0,73.0,3987547.0,0.0,A323410
20,2021-09-06,77000,78400,76000,77400,5252682,405428379300,-4.21,4590996700.0,-1590308400.0,64500892400.0,-67501580700.0,110.0,5252682.0,0.0,A323410
21,2021-09-07,77300,77300,72600,73000,6001690,446406709500,-5.68,-30994300700.0,-1322624500.0,155544661600.0,-123227736400.0,180.0,6001690.0,0.0,A323410
22,2021-09-08,73400,75800,71400,72300,5849714,429693662900,-0.96,5308377800.0,64733300.0,63737213000.0,-69110324100.0,0.0,5849714.0,0.0,A323410
23,2021-09-09,71300,73000,70300,72000,5748242,414085949200,-0.41,155653676500.0,277883900.0,127675200.0,-156059235600.0,56073.0,5748242.0,0.98,A323410
24,2021-09-10,71000,72400,68100,68900,6750339,467430057000,-4.31,-10745679200.0,876461900.0,130467068700.0,-120597851400.0,2343269.0,6750339.0,34.71,A323410
25,2021-09-13,67800,67800,64500,64600,4628803,305111716300,-6.24,-13249082500.0,262711800.0,45516276600.0,-32529905900.0,416194.0,4628803.0,8.99,A323410
26,2021-09-14,63600,72300,63300,69700,10421448,714549720800,7.89,20475090000.0,-805177300.0,-68610490900.0,48940578200.0,948200.0,10421448.0,9.1,A323410
27,2021-09-15,70100,73200,69000,69000,5077664,358244424300,-1.0,-2631082000.0,188465500.0,46445615300.0,-44002998800.0,737954.0,5077664.0,14.53,A323410
28,2021-09-16,69900,70000,66700,67100,2452019,166261653900,-2.75,-1672202800.0,1894369700.0,18300908600.0,-18523075500.0,449506.0,2452019.0,18.33,A323410
29,2021-09-17,67100,68600,65000,68000,2461251,164952961500,1.34,2889942800.0,1386866200.0,-15523717400.0,11246908400.0,141055.0,2461251.0,5.73,A323410
30,2021-09-23,66900,67200,66200,66400,1281700,85471651700,-2.35,2444688400.0,122932800.0,-1508849000.0,-1058772200.0,44966.0,1281700.0,3.51,A323410
31,2021-09-24,67100,69500,67000,69000,2125450,145833418300,3.92,2708508800.0,809574600.0,-29423704400.0,25905621000.0,27323.0,2125450.0,1.29,A323410
32,2021-09-27,69000,69700,67500,69700,1323980,91214345000,1.01,2409771000.0,-123475000.0,-20572305400.0,18286009400.0,54210.0,1323980.0,4.09,A323410
33,2021-09-28,70100,71200,69300,70600,1906190,134232837750,1.29,-2866148000.0,783938100.0,-38982202300.0,41064412200.0,67594.0,1906190.0,3.55,A323410
34,2021-09-29,69300,69800,68300,69300,1151274,79340827400,-1.84,-6310487800.0,56359500.0,-3593575600.0,9847703900.0,138010.0,1151274.0,11.99,A323410
35,2021-09-30,69000,69200,68000,68400,804698,55084934800,-1.3,296761500.0,-13048800.0,-3354934300.0,3071221600.0,65628.0,804698.0,8.16,A323410
36,2021-10-01,67800,67900,65500,65500,1363624,90242584100,-4.24,-6113158300.0,-728108400.0,15647521900.0,-8806255200.0,212352.0,1363624.0,15.57,A323410
37,2021-10-05,63600,64400,59800,60000,3119650,190673708100,-8.4,-13479502300.0,684244400.0,48344939900.0,-35549682000.0,661781.0,3119650.0,21.21,A323410
38,2021-10-06,60200,60900,57100,58000,2152044,126096136100,-3.33,3221509700.0,228990000.0,10962611400.0,-14413111100.0,156594.0,2152044.0,7.28,A323410
39,2021-10-07,58200,60400,58200,60000,1664418,99431656800,3.45,2789310500.0,71765200.0,-3544052900.0,682977200.0,107723.0,1664418.0,6.47,A323410
40,2021-10-08,60100,60100,57000,57000,2221905,128168276900,-5.0,-10467524400.0,841571300.0,42853162800.0,-33227209700.0,457820.0,2221905.0,20.6,A323410
41,2021-10-12,55800,56300,54100,55300,2807832,154876474950,-2.98,-1622365000.0,-68197000.0,16521531300.0,-14830969300.0,287623.0,2807832.0,10.24,A323410
42,2021-10-13,55200,56900,55200,55900,1242641,69702912600,1.08,3847981000.0,-150734300.0,-4620699600.0,923452900.0,200069.0,1242641.0,16.1,A323410
43,2021-10-14,56200,59000,56100,59000,1626758,93741094100,5.55,12500904000.0,56778400.0,-8883455100.0,-3674227300.0,175668.0,1626758.0,10.8,A323410
44,2021-10-15,60300,60600,58100,60100,1870593,111592881900,1.86,8743650700.0,62947100.0,-7730956000.0,-1075641800.0,121935.0,1870593.0,6.52,A323410
45,2021-10-18,60500,60600,58800,60000,902398,54032544000,-0.17,10233580800.0,92608700.0,4142864000.0,-14469053500.0,108645.0,902398.0,12.04,A323410
46,2021-10-19,60500,61800,60000,61300,1311776,80094043500,2.17,11110923400.0,595694500.0,1236929700.0,-12943547600.0,173551.0,1311776.0,13.23,A323410
47,2021-10-20,61300,62800,59300,59700,1812030,110718714900,-2.61,3222341600.0,709531900.0,15801120200.0,-19732993700.0,290270.0,1812030.0,16.02,A323410
48,2021-10-21,60100,60800,59900,60200,690989,41687522700,0.84,6429881300.0,-100074900.0,-3326560800.0,-3003245600.0,58086.0,690989.0,8.41,A323410
49,2021-10-22,60300,60800,59900,60100,653922,39425910200,-0.17,7966328100.0,192775600.0,1605562700.0,-9764666400.0,42916.0,653922.0,6.56,A323410
50,2021-10-25,60300,60400,58900,59900,677825,40397292900,-0.33,6122359200.0,642147300.0,5137776600.0,-11902283100.0,152417.0,677825.0,22.49,A323410
51,2021-10-26,60300,61900,59900,61900,1088174,66691662900,3.34,9079130200.0,-102118800.0,-14979730600.0,6002719200.0,71363.0,1088174.0,6.56,A323410
52,2021-10-27,61900,62800,61100,62000,971439,60177802850,0.16,7067418400.0,-209732000.0,2249721400.0,-9107407800.0,75033.0,971439.0,7.72,A323410
53,2021-10-28,62300,65600,62100,64600,2673129,172247674100,4.19,15094186500.0,-330511800.0,-16366537800.0,1602863100.0,74879.0,2673129.0,2.8,A323410
54,2021-10-29,64800,65200,62600,63100,1503557,95439612500,-2.32,11597980900.0,233890300.0,17462411400.0,-29294282600.0,188037.0,1503557.0,12.51,A323410
55,2021-11-01,63300,64400,63000,63900,958229,61122249600,1.27,6112045600.0,-134204000.0,-5347431400.0,-630410200.0,112825.0,958229.0,11.77,A323410
56,2021-11-02,64200,64500,64000,64100,902143,57916624600,0.31,12669098500.0,149314400.0,-4460577800.0,-8357835100.0,101463.0,902143.0,11.25,A323410
57,2021-11-03,64100,64100,59100,59400,4131208,249783311100,-7.33,-19876290200.0,-1547644900.0,108578925100.0,-87154990000.0,764448.0,4131208.0,18.5,A323410
58,2021-11-04,59800,60700,59400,60000,1558376,93148201300,1.01,-1940038600.0,510434400.0,4812971500.0,-3383367300.0,171516.0,1558376.0,11.01,A323410
59,2021-11-05,58900,59000,57100,57200,2124636,122603026200,-4.67,-20344654800.0,372166800.0,31782805000.0,-11810317000.0,146030.0,2124636.0,6.87,A323410
60,2021-11-08,52600,55900,52600,55600,4020446,219323338000,-2.8,-80262404100.0,-5626420100.0,50488327800.0,35400496400.0,78031.0,4020446.0,1.94,A323410
61,2021-11-09,55700,58200,55700,57000,1989453,113533702000,2.52,-5277282300.0,-459676300.0,-4156087200.0,9893045800.0,40426.0,1989453.0,2.03,A323410
62,2021-11-10,56100,58700,56100,58600,1772959,102763178400,2.81,12099179900.0,-877959800.0,-32053622900.0,20832402800.0,43830.0,1772959.0,2.47,A323410
63,2021-11-11,58400,59300,58000,59100,1131245,66500801100,0.85,8067091300.0,-398436700.0,-17569633800.0,9900979200.0,15309.0,1131245.0,1.35,A323410
64,2021-11-12,59100,62200,58700,62100,2896578,177267252400,5.08,6745723300.0,-693399800.0,-77774485000.0,71722161500.0,5757.0,2896578.0,0.2,A323410
65,2021-11-15,62300,63000,61000,62400,1337149,83155203100,0.48,10547445100.0,-839098200.0,-14469031600.0,4760684700.0,95786.0,1337149.0,7.16,A323410
66,2021-11-16,62400,62500,61100,62500,1108396,68826772100,0.16,11622257600.0,-1268116700.0,-10506488700.0,152347800.0,202875.0,1108396.0,18.3,A323410
67,2021-11-17,62600,63400,62000,63100,1335673,84086836700,0.96,3707121800.0,-112761500.0,-11039072000.0,7444711700.0,96296.0,1335673.0,7.21,A323410
68,2021-11-18,63200,64600,63000,64500,1545025,99068254700,2.22,8580013900.0,239829800.0,-23942487700.0,15122644000.0,62117.0,1545025.0,4.02,A323410
69,2021-11-19,64600,65000,63400,65000,1301470,83889795000,0.78,7083143200.0,-269590800.0,-26381096000.0,19567543600.0,143511.0,1301470.0,11.03,A323410
70,2021-11-22,65000,65000,62500,64000,1244778,79532161100,-1.54,7142414000.0,-40385900.0,-8946338600.0,1844310500.0,140842.0,1244778.0,11.31,A323410
71,2021-11-23,63600,65300,63400,64900,1235612,80037244200,1.41,3483382500.0,-97595200.0,-12240164300.0,8854377000.0,187298.0,1235612.0,15.16,A323410
72,2021-11-24,65100,65600,64000,64700,1082435,70282103700,-0.31,6001866900.0,-151672800.0,-7659986200.0,1809792100.0,33977.0,1082435.0,3.14,A323410
73,2021-11-25,65000,68000,64500,67900,2780797,185645357400,4.95,25701372600.0,-71454200.0,-39190252500.0,13560334100.0,49961.0,2780797.0,1.8,A323410
74,2021-11-26,68500,69300,66400,68200,2895073,197390887700,0.44,32136346300.0,-244260200.0,-28883454800.0,-3008631300.0,56556.0,2895073.0,1.95,A323410
75,2021-11-29,66100,71000,65500,70300,3029305,209836291400,3.08,37936556900.0,-467567300.0,-66782444300.0,29313454700.0,98914.0,3029305.0,3.27,A323410
76,2021-11-30,70700,72300,63700,65600,7305640,487175144000,-6.69,-4225923200.0,-223513600.0,20010599400.0,-15561162600.0,780439.0,7305640.0,10.68,A323410
77,2021-12-01,65600,67200,64500,65200,1920674,125857115500,-0.61,-17388290200.0,372773000.0,-1302676200.0,18318193400.0,245835.0,1920674.0,12.8,A323410
78,2021-12-02,64800,65600,63800,65000,1049808,67703520000,-0.31,-2254070600.0,67891100.0,-2921111100.0,5107290600.0,110024.0,1049808.0,10.48,A323410
79,2021-12-03,65200,68100,64700,67500,1634554,109828455600,3.85,9167986300.0,1045798100.0,-39428286300.0,29214501900.0,46722.0,1634554.0,2.86,A323410
80,2021-12-06,67200,67900,65200,65700,1250833,82402702800,-2.67,-3988798800.0,99015200.0,16678198100.0,-12788414500.0,54933.0,1250833.0,4.39,A323410
81,2021-12-07,65900,67900,65800,67500,1111423,74473706900,2.74,5444371300.0,-12558200.0,-23880959700.0,18449146600.0,77774.0,1111423.0,7.0,A323410
82,2021-12-08,68100,68700,66900,67500,918679,61896540000,0.0,2916884400.0,-49251900.0,-432334600.0,-2435297900.0,25889.0,918679.0,2.82,A323410
83,2021-12-09,64400,65000,63600,64200,12816162,814769094500,-4.89,71901388900.0,-480983656200.0,127113224300.0,281969043000.0,108424.0,12816162.0,0.85,A323410
84,2021-12-10,64500,65000,63100,63400,2403988,152915651800,-1.25,11510062100.0,211175500.0,47145629700.0,-58866867300.0,200030.0,2403988.0,8.32,A323410
85,2021-12-13,63800,64500,63300,63400,1599879,102296398700,0.0,14447303900.0,152751600.0,-6312141400.0,-8287914100.0,43631.0,1599879.0,2.73,A323410
86,2021-12-14,62700,63900,62700,63000,863297,54587185000,-0.63,3697894400.0,16653500.0,2417230400.0,-6131778300.0,104166.0,863297.0,12.07,A323410
87,2021-12-15,62800,63400,62400,62600,1286504,80695192900,-0.63,-803443500.0,-6337600.0,1563849700.0,-754068600.0,198318.0,1286504.0,15.42,A323410
88,2021-12-16,63000,63200,62300,63100,951069,59739957500,0.8,-7407773900.0,616844300.0,-5692553500.0,12483483100.0,145753.0,951069.0,15.33,A323410
89,2021-12-17,63000,64000,62400,63900,7191381,458442854000,1.27,-26254510800.0,146099800.0,-8419528800.0,34527939800.0,1283185.0,7191381.0,17.84,A323410
90,2021-12-20,63200,63300,62000,62300,785490,49098572600,-2.5,-10402142500.0,110417800.0,10214392400.0,77332300.0,94296.0,785490.0,12.0,A323410
91,2021-12-21,62300,62700,60700,61400,918368,56453412200,-1.44,2090234800.0,53496300.0,3074095300.0,-5217826400.0,149605.0,918368.0,16.29,A323410
92,2021-12-22,61600,61800,60800,60900,627279,38297631100,-0.81,-2125775900.0,67266000.0,4711891800.0,-2653381900.0,83774.0,627279.0,13.36,A323410
93,2021-12-23,61000,61100,59700,60500,1010606,60834578400,-0.66,-3634498600.0,-489893100.0,6155272500.0,-2030880800.0,239326.0,1010606.0,23.68,A323410
94,2021-12-24,60000,60800,60000,60200,570849,34427154100,-0.5,-377878100.0,27584800.0,4381984000.0,-4031690700.0,79005.0,570849.0,13.84,A323410
95,2021-12-27,60200,60200,59200,59300,692148,41212641900,-1.5,-2350192000.0,-26467900.0,10876921500.0,-8500261600.0,120829.0,692148.0,17.46,A323410
96,2021-12-28,59000,60300,58800,60300,859558,51152945000,1.69,3024021600.0,223692700.0,-4287519600.0,1039805300.0,78176.0,859558.0,9.09,A323410
97,2021-12-29,60300,60400,59500,59800,506443,30337609900,-0.83,-10663044200.0,-154346300.0,11758121300.0,-940730800.0,67293.0,506443.0,13.29,A323410
98,2021-12-30,59900,59900,59000,59000,565051,33457927900,-1.34,-8974686100.0,-32068800.0,11800802500.0,-2794047600.0,84235.0,565051.0,14.91,A323410
99,2022-01-03,59000,59800,58900,59100,716944,42419683200,0.17,-13179791900.0,-9949400.0,12266152500.0,923588800.0,227756.0,716944.0,31.77,A323410
100,2022-01-04,59100,59200,57200,57300,1221416,70503231500,-3.05,-19333283200.0,266686500.0,37154898800.0,-18088302100.0,229249.0,1221416.0,18.77,A323410
101,2022-01-05,57400,57400,55000,55600,2068038,115071938984,-2.97,-10536936900.0,209048400.0,42314568700.0,-31986680200.0,538614.0,2068038.0,26.04,A323410
102,2022-01-06,55200,56700,54600,56000,2263007,126174296276,0.72,2499759100.0,71122700.0,12628137000.0,-15199018800.0,857300.0,2263007.0,37.88,A323410
103,2022-01-07,55600,56200,55000,55000,1180315,65255348300,-1.79,-4777012200.0,32300200.0,25110825300.0,-20366113300.0,285670.0,1180315.0,24.2,A323410
104,2022-01-10,54200,54400,50600,51100,4158580,214630142300,-7.09,-10397695300.0,679195400.0,94327637800.0,-84609137900.0,989928.0,4158580.0,23.8,A323410
105,2022-01-11,50900,51200,49200,49350,3785349,188288968982,-3.42,-4770317700.0,503870400.0,50101273350.0,-45834826050.0,479514.0,3785349.0,12.67,A323410
106,2022-01-12,49500,50400,49200,49300,3316544,164936210500,-0.1,314532750.0,62082750.0,48541490650.0,-48918106150.0,519084.0,3316544.0,15.65,A323410
107,2022-01-13,49450,50200,48800,48850,1860929,91496834400,-0.91,-4912986150.0,268921000.0,27819505950.0,-23175440800.0,363713.0,1860929.0,19.54,A323410
108,2022-01-14,48300,48350,46150,46300,3731973,174778988300,-5.22,-4467252350.0,466575350.0,66513403750.0,-62512726750.0,1003316.0,3731973.0,26.88,A323410
109,2022-01-17,45800,46350,44750,45100,3038409,137878623700,-2.59,8314684500.0,894090900.0,17824826200.0,-27033601600.0,768707.0,3038409.0,25.3,A323410
110,2022-01-18,45150,45350,43200,43300,3559369,156925222250,-3.99,-4839150100.0,1080855200.0,36734078000.0,-32975783100.0,890704.0,3559369.0,25.02,A323410
111,2022-01-19,42100,43250,41150,41800,3714279,155829722700,-3.46,-2921416150.0,669682100.0,14282208100.0,-12030474050.0,646288.0,3714279.0,17.4,A323410
112,2022-01-20,42150,43200,40350,42750,4998251,209635450450,2.27,14040165550.0,-377501250.0,18875722450.0,-32538386750.0,280021.0,4998251.0,5.6,A323410
113,2022-01-21,42050,44900,42000,43800,5118066,224624725500,2.46,15972119050.0,-183324100.0,24023494100.0,-39812289050.0,409948.0,5118066.0,8.01,A323410
114,2022-01-24,43550,43700,41850,42000,1947137,82351802400,-4.11,6043013050.0,269923650.0,14671148800.0,-20984085500.0,137750.0,1947137.0,7.07,A323410
115,2022-01-25,42050,42400,40200,40250,2238405,91591922400,-4.17,4877496000.0,181276550.0,6664668600.0,-11723441150.0,168559.0,2238405.0,7.53,A323410
116,2022-01-26,40300,42500,40300,40550,3305595,136137575250,0.75,980844650.0,1097616050.0,8819221650.0,-10897682350.0,535468.0,3305595.0,16.2,A323410
117,2022-01-27,40850,41100,39550,39650,2378780,94892187850,-2.22,-7939755400.0,250294550.0,4290941500.0,3398519350.0,346378.0,2378780.0,14.56,A323410
118,2022-01-28,40000,41200,39550,41000,2106118,85151611750,3.4,5590410850.0,570136800.0,-7825419700.0,1664872050.0,189526.0,2106118.0,9.0,A323410
119,2022-02-03,41850,42150,41050,41350,2175768,90516871550,0.85,-2575163150.0,-222855500.0,-11368875400.0,14166894050.0,468550.0,2175768.0,21.53,A323410
120,2022-02-04,41350,42350,41150,42100,1646053,68987649250,1.81,-1007603800.0,-20475550.0,-2461645450.0,3489724800.0,280752.0,1646053.0,17.06,A323410
121,2022-02-07,41650,44400,41600,42350,6206268,265438619250,0.59,-71015547500.0,482474100.0,31099943000.0,39433130400.0,230573.0,6206268.0,3.72,A323410
122,2022-02-08,42500,44700,42500,44650,4619733,203101040750,5.43,11852084550.0,-650629150.0,-47682404350.0,36480948950.0,227558.0,4619733.0,4.93,A323410
123,2022-02-09,45250,45300,43800,44200,1795917,79313452300,-1.01,-10783193300.0,320743400.0,15867590900.0,-5405141000.0,95235.0,1795917.0,5.3,A323410
124,2022-02-10,44900,44950,42550,42800,4415967,191056860553,-3.17,-34923088350.0,198151700.0,36983470650.0,-2258534000.0,1043914.0,4415967.0,23.64,A323410
125,2022-02-11,42200,43200,41550,42150,2236543,94331604950,-1.52,-13505776500.0,205749250.0,14523801150.0,-1223773900.0,414812.0,2236543.0,18.55,A323410
126,2022-02-14,41500,43950,41000,43950,2375865,101733695350,4.27,-2042682900.0,1160982750.0,-39959690950.0,40841391100.0,173665.0,2375865.0,7.31,A323410
127,2022-02-15,43800,44800,43400,44200,2176377,96131944400,0.57,-1741370700.0,216892400.0,-19929164050.0,21453642350.0,159433.0,2176377.0,7.33,A323410
128,2022-02-16,45250,46500,45050,46450,2671604,122449603050,5.09,10142024100.0,778541450.0,-33720960100.0,22800394550.0,213293.0,2671604.0,7.98,A323410
129,2022-02-17,46650,49900,46300,49400,6275312,306480643850,6.35,19970115950.0,2054025950.0,-88973434850.0,66949292950.0,335455.0,6275312.0,5.35,A323410
130,2022-02-18,48550,50300,47800,49350,2429903,119484565600,-0.1,12361467650.0,116527950.0,-6111450700.0,-6366544900.0,232856.0,2429903.0,9.58,A323410
131,2022-02-21,48350,49500,48100,48900,1327359,64860714800,-0.91,-1021243250.0,353448500.0,4244214850.0,-3576420100.0,120772.0,1327359.0,9.1,A323410
132,2022-02-22,48100,48700,47000,47250,1860053,88564208800,-3.37,-9520088300.0,54725850.0,3152343700.0,6313018750.0,277051.0,1860053.0,14.89,A323410
133,2022-02-23,47600,48000,47050,47100,987573,46756508650,-0.32,-667692500.0,-339709800.0,7815103150.0,-6807700850.0,151917.0,987573.0,15.38,A323410
134,2022-02-24,46550,48250,46300,46900,1672140,78905537900,-0.42,-3384583950.0,144788050.0,-14948857800.0,18188653700.0,32550.0,1672140.0,1.95,A323410
135,2022-02-25,47750,48950,47450,47750,1879588,90240661200,1.81,4030287150.0,132970400.0,-1272708900.0,-2890548650.0,56553.0,1879588.0,3.01,A323410
136,2022-02-28,47850,48650,47600,48000,1108458,53170420050,0.52,544968950.0,180285650.0,3254378250.0,-3979632850.0,145718.0,1108458.0,13.15,A323410
137,2022-03-02,47600,48150,47500,47900,813429,38926254450,-0.21,2544319250.0,-164504050.0,-521350200.0,-1858465000.0,166437.0,813429.0,20.46,A323410
138,2022-03-03,48300,48800,48200,48600,1014446,49232716125,1.46,1809011950.0,-23769900.0,-8828125350.0,7042883300.0,78342.0,1014446.0,7.72,A323410
139,2022-03-04,48350,50300,48350,48700,1928618,94688884600,0.21,4312548150.0,-128986050.0,7042942700.0,-11226504800.0,370422.0,1928618.0,19.21,A323410
140,2022-03-07,48200,48200,47300,47350,1175263,55996938300,-2.77,-2758584050.0,44833400.0,5534260250.0,-2820509600.0,185658.0,1175263.0,15.8,A323410
141,2022-03-08,46650,48500,46100,48000,1817425,86300125050,1.37,3599118600.0,-188180350.0,-13849434150.0,10438495900.0,229814.0,1817425.0,12.65,A323410
142,2022-03-10,48500,49950,48100,48150,1492601,72450419425,0.31,9238183150.0,94951500.0,7395803400.0,-16728938050.0,459587.0,1492601.0,30.79,A323410
143,2022-03-11,48750,49150,48200,48900,935328,45526446000,1.56,-214541000.0,-2944850.0,-9786193450.0,10003679300.0,148096.0,935328.0,15.83,A323410
144,2022-03-14,48950,50000,48900,49800,1481934,73530899350,1.84,5852149900.0,770972900.0,-20573466350.0,13950343550.0,331082.0,1481934.0,22.34,A323410
145,2022-03-15,50200,52600,49850,52500,2845488,146217947400,5.42,27468810750.0,-500317650.0,-54484184750.0,27515691650.0,121075.0,2845488.0,4.25,A323410
146,2022-03-16,53100,53500,51400,52600,1531086,80227952600,0.19,6311876200.0,25440800.0,-4223747400.0,-2113569600.0,108974.0,1531086.0,7.12,A323410
147,2022-03-17,53300,53600,52000,52100,1248069,65591523900,-0.95,-822347700.0,-218620100.0,3346584100.0,-2305616300.0,161931.0,1248069.0,12.97,A323410
148,2022-03-18,52300,52800,51800,52800,834273,43709141800,1.34,-571258900.0,22725600.0,-8504231600.0,9052764900.0,59659.0,834273.0,7.15,A323410
149,2022-03-21,52800,53000,50200,50500,1389894,71225239400,-4.36,-6790685100.0,397692000.0,15242433000.0,-8849439900.0,364689.0,1389894.0,26.24,A323410
150,2022-03-22,50300,51200,49900,50900,764010,38755594750,0.79,-468289900.0,-131117300.0,-719236000.0,1318643200.0,105929.0,764010.0,13.86,A323410
151,2022-03-23,51200,52300,51100,52300,1190716,61817592900,2.75,8366845400.0,-843682400.0,-17595903200.0,10072740200.0,95643.0,1190716.0,8.03,A323410
152,2022-03-24,51600,52100,50700,51400,728320,37329724600,-1.72,-3472702300.0,46060500.0,3592948100.0,-166306300.0,79507.0,728320.0,10.92,A323410
153,2022-03-25,51500,51800,51000,51000,510880,26178193100,-0.78,1750333900.0,226231700.0,-1331499800.0,-645065800.0,13345.0,510880.0,2.61,A323410
154,2022-03-28,51000,51000,49800,50000,795384,39797506050,-1.96,-4748632200.0,312280900.0,14904377250.0,-10468025950.0,129220.0,795384.0,16.25,A323410
155,2022-03-29,50100,50300,48800,49750,854459,42345209600,-0.5,-1447566050.0,21161250.0,7550307650.0,-6123902850.0,38751.0,854459.0,4.54,A323410
156,2022-03-30,50100,50300,49800,50300,630088,31523474150,1.11,5203542900.0,817435900.0,-2939592400.0,-3081386400.0,50883.0,630088.0,8.08,A323410
157,2022-03-31,50300,52000,50000,51600,1458343,75111557400,2.58,11796258300.0,-42287500.0,-23319741900.0,11565771100.0,35238.0,1458343.0,2.42,A323410
158,2022-04-01,51600,51700,50200,50900,909935,46136673200,-1.36,-2944879100.0,-1863805300.0,12882646000.0,-8073961600.0,44967.0,909935.0,4.94,A323410
159,2022-04-04,51000,51100,50300,50800,506591,25675010000,-0.2,2357936800.0,-347970100.0,560170900.0,-2570137600.0,23590.0,506591.0,4.66,A323410
160,2022-04-05,51000,51100,49800,49800,1143188,57252263850,-1.97,-6862588850.0,400022700.0,24205076650.0,-17742510500.0,130377.0,1143188.0,11.4,A323410
161,2022-04-06,49500,49550,48300,48350,1560643,76025233350,-2.91,-5870765400.0,243266100.0,28644296150.0,-23016796850.0,269389.0,1560643.0,17.26,A323410
162,2022-04-07,47900,47900,46200,46200,1427208,66748224700,-4.45,-13315509300.0,187569000.0,26050754500.0,-12922814200.0,282900.0,1427208.0,19.82,A323410
163,2022-04-08,46500,47100,45350,46100,1061127,48817511400,-0.22,-11600902600.0,668281000.0,16356879650.0,-5424258050.0,135321.0,1061127.0,12.75,A323410
164,2022-04-11,45850,47100,45350,45350,1053938,48480586750,-1.63,-14625511950.0,816896550.0,16341546350.0,-2532930950.0,201123.0,1053938.0,19.08,A323410
165,2022-04-12,45050,46000,44900,45300,893701,40597794450,-0.11,-6416990950.0,-363134050.0,4187221950.0,2592903050.0,96394.0,893701.0,10.79,A323410
166,2022-04-13,45400,46900,45150,46850,796378,36771278800,3.42,-353768850.0,133122150.0,-7884514950.0,8105161650.0,30352.0,796378.0,3.81,A323410
167,2022-04-14,46850,46900,46050,46700,762627,35429636500,-0.32,-3829735800.0,308587650.0,2268191700.0,1252956450.0,93121.0,762627.0,12.21,A323410
168,2022-04-15,46150,46800,45600,46200,566334,26156210350,-1.07,4204904850.0,-1463157800.0,-1172079000.0,-1569668050.0,37949.0,566334.0,6.7,A323410
169,2022-04-18,45800,45800,45350,45400,606716,27595036550,-1.73,-4941183050.0,2585173400.0,9035497900.0,-6679488250.0,131342.0,606716.0,21.65,A323410
170,2022-04-19,45600,46200,45550,45600,481474,22042100600,0.44,-2516636650.0,16033300.0,2050325850.0,450277500.0,31274.0,481474.0,6.5,A323410
171,2022-04-20,45700,45700,45050,45150,869238,39312818850,-0.99,-12243431450.0,87265600.0,9269343250.0,2886822600.0,246853.0,869238.0,28.4,A323410
172,2022-04-21,45550,45600,45000,45050,618728,27901056900,-0.22,-2422955700.0,-24463100.0,5604003300.0,-3156584500.0,161902.0,618728.0,26.17,A323410
173,2022-04-22,45000,45050,43500,43600,1718671,75416600350,-3.22,-18553982100.0,88549250.0,23764815350.0,-5299382500.0,317639.0,1718671.0,18.48,A323410
174,2022-04-25,42600,42900,42200,42450,1198617,50800146450,-2.64,-13366917050.0,-17784900.0,10753682000.0,2631019950.0,326313.0,1198617.0,27.22,A323410
175,2022-04-26,42800,43800,42700,43250,1091442,47356078850,1.88,-5193089100.0,-27699700.0,-7234020200.0,12454809000.0,37127.0,1091442.0,3.4,A323410
176,2022-04-27,41750,42650,41700,42250,864720,36527849800,-2.31,-4965535250.0,27125400.0,8594969000.0,-3656559150.0,93559.0,864720.0,10.82,A323410
177,2022-04-28,42450,42950,41900,42950,702336,29763277850,1.66,2341174600.0,-62376200.0,236817800.0,-2515616200.0,67330.0,702336.0,9.59,A323410
178,2022-04-29,42900,42950,42200,42350,1111677,47092226600,-1.4,10472245200.0,-62505800.0,13904651000.0,-24314390400.0,149185.0,1111677.0,13.42,A323410
179,2022-05-02,42200,42250,41000,41100,1273319,52570090300,-2.95,-11670659200.0,215158950.0,26650926950.0,-15195426700.0,134183.0,1273319.0,10.54,A323410
180,2022-05-03,41400,41750,41100,41250,1368156,56665507800,0.36,-6481082000.0,-80665500.0,6461423450.0,100324050.0,272471.0,1368156.0,19.92,A323410
181,2022-05-04,41300,41800,41050,41450,1283809,53190594950,0.48,-814450350.0,217370500.0,5154255700.0,-4557175850.0,269127.0,1283809.0,20.96,A323410
182,2022-05-06,41100,41100,39950,40100,2241683,90301845150,-3.26,-19136471450.0,51972250.0,27718099050.0,-8633599850.0,460130.0,2241683.0,20.53,A323410
183,2022-05-09,39850,41150,39850,40900,1182506,47946047350,2.0,109095400.0,-72257950.0,-9961094050.0,9924256600.0,76791.0,1182506.0,6.49,A323410
184,2022-05-10,40100,40200,39400,40050,1267511,50537736650,-2.08,3523878350.0,45202950.0,14737091200.0,-18306172500.0,265190.0,1267511.0,20.92,A323410
185,2022-05-11,39900,40300,39600,40100,957524,38316070050,0.12,3512852600.0,3040300.0,4943005200.0,-8458898100.0,27301.0,957524.0,2.85,A323410
186,2022-05-12,39500,39600,37550,37950,2795518,108003649400,-5.36,-6945856150.0,54585400.0,27555381700.0,-20664110950.0,458574.0,2795518.0,16.4,A323410
187,2022-05-13,37850,38550,37100,38450,1708351,64976109465,1.32,3857093950.0,18537400.0,4568985150.0,-8444616500.0,224620.0,1708351.0,13.15,A323410
188,2022-05-16,38500,39750,38450,38850,1189121,46439972350,1.04,6324567800.0,-11998350.0,-3491954550.0,-2820614900.0,263288.0,1189121.0,22.14,A323410
189,2022-05-17,38450,40250,38450,40000,1152307,45842177350,2.96,11461358800.0,-19198700.0,-11045574400.0,-396585700.0,87887.0,1152307.0,7.63,A323410
190,2022-05-18,40150,40300,39300,39400,726873,28882825300,-1.5,2740088400.0,180771850.0,4899039150.0,-7819899400.0,35041.0,726873.0,4.82,A323410
191,2022-05-19,38400,38750,38000,38650,1023492,39178293950,-1.9,-3260620300.0,71044050.0,11895543500.0,-8705967250.0,240932.0,1023492.0,23.54,A323410
192,2022-05-20,38650,40100,38650,39950,851181,33753619800,3.36,10699237650.0,-236823200.0,-15208383550.0,4745969100.0,2221.0,851181.0,0.26,A323410
193,2022-05-23,40200,40500,39850,40000,647955,26019864050,0.13,4908279500.0,131217350.0,-599715650.0,-4439781200.0,56369.0,647955.0,8.7,A323410
194,2022-05-24,40050,40200,39400,39400,661541,26414957300,-1.5,4146788150.0,108477550.0,-1191029550.0,-3064236150.0,99671.0,661541.0,15.07,A323410
195,2022-05-25,39950,41150,39750,40150,1736547,70346526300,1.9,13929203900.0,338298050.0,-8979310600.0,-5288191350.0,239983.0,1736547.0,13.82,A323410
196,2022-05-26,40150,41400,40050,40650,1303023,53271524050,1.25,12072776700.0,-211714000.0,-2851478700.0,-9009584000.0,70760.0,1303023.0,5.43,A323410
197,2022-05-27,41100,41400,40450,41250,1016331,41748016300,1.48,6747672750.0,1588113700.0,-6721183850.0,-1614602600.0,78610.0,1016331.0,7.73,A323410
198,2022-05-30,41500,41750,40800,41300,914296,37786041850,0.12,10115157250.0,507960750.0,488500550.0,-11111618550.0,7223.0,914296.0,0.79,A323410
199,2022-05-31,41500,41500,40000,40650,3768851,153327348150,-1.57,-2047985400.0,115766450.0,10869487100.0,-8937268150.0,168274.0,3768851.0,4.46,A323410
200,2022-06-02,40300,40500,39800,39850,1117195,44683307900,-1.97,-1253741950.0,152333200.0,13619404600.0,-12517995850.0,138768.0,1117195.0,12.42,A323410
201,2022-06-03,40300,41300,40150,41150,1406396,57323393450,3.26,8955065450.0,50703350.0,-17996042000.0,8990273200.0,71587.0,1406396.0,5.09,A323410
202,2022-06-07,41100,41900,40700,41500,1678530,69516590500,0.85,3280127100.0,-96262450.0,-14441668600.0,11257803950.0,63602.0,1678530.0,3.79,A323410
203,2022-06-08,41500,41500,39600,40400,2070212,83246884150,-2.65,-205621050.0,235326350.0,16701408400.0,-16731113700.0,260106.0,2070212.0,12.56,A323410
204,2022-06-09,40200,42300,39950,41050,6994591,288406311350,1.61,183070619500.0,-134009100.0,-24759398300.0,-158177212100.0,875448.0,6994591.0,12.52,A323410
205,2022-06-10,40700,40750,39100,39150,3297078,130666045200,-4.63,5355978600.0,903574300.0,56645316250.0,-62904869150.0,969646.0,3297078.0,29.41,A323410
206,2022-06-13,38300,38350,36000,36000,3679924,134562365000,-8.05,-10531656700.0,948579550.0,58617114000.0,-49034036850.0,976197.0,3679924.0,26.53,A323410
207,2022-06-14,35050,35750,34600,35350,2443473,85999432100,-1.81,16061173850.0,-915058900.0,10489582750.0,-25635697700.0,467277.0,2443473.0,19.12,A323410
208,2022-06-15,35150,36050,35000,35800,1589703,56583313250,1.27,9485485100.0,74867750.0,-13572806300.0,4012453450.0,242616.0,1589703.0,15.26,A323410
209,2022-06-16,36450,37700,36200,36450,1921845,71094947615,1.82,5188754500.0,115216800.0,-13894466350.0,8590495050.0,211930.0,1921845.0,11.03,A323410
210,2022-06-17,35700,36150,35400,36150,2210132,79295281780,-0.82,8168900300.0,82795000.0,5175455250.0,-13427150550.0,655331.0,2210132.0,29.65,A323410
211,2022-06-20,36300,36350,35050,35600,1304530,46227647250,-1.52,4164654450.0,10738050.0,-856698150.0,-3318694350.0,310859.0,1304530.0,23.83,A323410
212,2022-06-21,36400,36400,35650,36100,1054363,38103952300,1.4,10700329350.0,-136803550.0,-5970996450.0,-4592529350.0,227364.0,1054363.0,21.56,A323410
213,2022-06-22,36200,36450,34000,34000,1864627,64341612400,-5.82,968046500.0,-775535300.0,21522694300.0,-21715205500.0,462446.0,1864627.0,24.8,A323410
214,2022-06-23,34050,34600,32950,33750,1841487,62456967950,-0.74,18290976550.0,-390766900.0,-8945377200.0,-8954832450.0,464554.0,1841487.0,25.23,A323410
215,2022-06-24,33750,35100,33700,34800,1340546,46323894350,3.11,15546266150.0,-38964950.0,-14156750250.0,-1350550950.0,186406.0,1340546.0,13.91,A323410
216,2022-06-27,35000,35150,34000,34550,1250644,43334229600,-0.72,1890429450.0,69132800.0,13174032800.0,-15133595050.0,245676.0,1250644.0,19.64,A323410
217,2022-06-28,34700,34850,33600,33750,1395917,47413377900,-2.32,-1426813550.0,6042150.0,15820050600.0,-14399279200.0,422627.0,1395917.0,30.28,A323410
218,2022-06-29,32550,32800,30650,31100,4292024,134011391550,-7.85,-11545106950.0,203207400.0,41378421750.0,-30036522200.0,854569.0,4292024.0,19.91,A323410
219,2022-06-30,31000,31200,30100,30250,2230180,68168671650,-2.73,-5490414150.0,-220902850.0,4899870950.0,811446050.0,413276.0,2230180.0,18.53,A323410
220,2022-07-01,30400,30500,28600,28950,2655063,77975701300,-4.3,1477299300.0,466503350.0,3726389000.0,-5670191650.0,478987.0,2655063.0,18.04,A323410
221,2022-07-04,29050,29800,28750,29450,1640600,48002695100,1.73,7383028600.0,-194781200.0,-4116360400.0,-3071887000.0,244288.0,1640600.0,14.89,A323410
222,2022-07-05,29550,30750,29500,30600,1600485,48467847850,3.9,7475632700.0,-1672750.0,-9040701300.0,1566741350.0,177925.0,1600485.0,11.12,A323410
223,2022-07-06,30250,31800,29850,31300,2551934,79574732500,2.29,16598511800.0,6255850.0,-23793572850.0,7188805200.0,279608.0,2551934.0,10.96,A323410
224,2022-07-07,31750,31950,31300,31750,780061,24691977290,1.44,779604400.0,-20923300.0,-2450428500.0,1691747400.0,76284.0,780061.0,9.78,A323410
225,2022-07-08,31950,32000,31200,31300,845872,26661223200,-1.42,-2804060400.0,-19060600.0,1565903350.0,1257217650.0,124837.0,845872.0,14.76,A323410
226,2022-07-11,31350,31650,31100,31200,537764,16844598650,-0.32,-2002316350.0,5396750.0,1368560600.0,628359000.0,56757.0,537764.0,10.55,A323410
227,2022-07-12,31000,31000,29750,30000,1307531,39343078600,-3.85,-8757980450.0,37636600.0,9541112600.0,-820768750.0,569960.0,1307531.0,43.59,A323410
228,2022-07-13,30350,31600,30150,31600,1340853,41606819150,5.33,9187651400.0,-71469300.0,-12426174900.0,3309992800.0,266260.0,1340853.0,19.86,A323410
229,2022-07-14,31000,31650,30300,30900,1255512,38816727050,-2.22,4674993450.0,-33612400.0,4203722800.0,-8845103850.0,140868.0,1255512.0,11.22,A323410
230,2022-07-15,30950,31000,29750,29900,1227196,36897854750,-3.24,-8225157650.0,49261350.0,16815234600.0,-8639338300.0,272632.0,1227196.0,22.22,A323410
231,2022-07-18,30350,30900,30100,30600,959544,29329605650,2.34,176541250.0,-82716400.0,-1409844750.0,1316019900.0,165205.0,959544.0,17.22,A323410
232,2022-07-19,30550,30600,30300,30600,530432,16153950150,0.0,-3138713450.0,27996300.0,587834600.0,2522882550.0,51876.0,530432.0,9.78,A323410
233,2022-07-20,31200,31450,30750,30850,830978,25853619250,0.82,885763400.0,153553800.0,391602850.0,-1430920050.0,79076.0,830978.0,9.52,A323410
234,2022-07-21,30850,31550,30650,31300,843077,26251511250,1.46,578450000.0,-210701100.0,-5185110000.0,4817361100.0,92118.0,843077.0,10.93,A323410
235,2022-07-22,31300,31450,30600,30900,905350,28012430700,-1.28,-5237699100.0,235819350.0,5002867000.0,-987250.0,245892.0,905350.0,27.16,A323410
236,2022-07-25,30700,30750,30100,30450,1024850,31088024250,-1.46,-5436491900.0,34600900.0,8706511800.0,-3304620800.0,311727.0,1024850.0,30.42,A323410
237,2022-07-26,30400,30500,30000,30050,775675,23379273900,-1.31,-675878750.0,75234850.0,7873180100.0,-7272536200.0,250615.0,775675.0,32.31,A323410
238,2022-07-27,30000,30050,29800,29900,2156271,63981441050,-0.5,2315210050.0,-66821300.0,8463310050.0,-10711698800.0,298758.0,2156271.0,13.86,A323410
239,2022-07-28,30300,30800,29900,30050,1236983,37492745650,0.5,885426550.0,23353800.0,2658934350.0,-3567714700.0,128592.0,1236983.0,10.4,A323410
240,2022-07-29,30100,31650,30100,30900,2320623,71956669700,2.83,10832218850.0,-98412700.0,-18998693250.0,8264887100.0,98107.0,2320623.0,4.23,A323410
241,2022-08-01,31000,31350,30800,30800,710808,21999042250,-0.32,-2608529150.0,-17545500.0,4139173750.0,-1513099100.0,53342.0,710808.0,7.5,A323410
242,2022-08-02,30750,30850,30300,30350,703411,21448192900,-1.46,-8374897800.0,-27700.0,5924819100.0,2450106400.0,162745.0,703411.0,23.14,A323410
243,2022-08-03,30650,31400,30500,31400,1910282,59323830100,3.46,-9536211150.0,3859300.0,-2087696400.0,11620048250.0,323082.0,1910282.0,16.91,A323410
244,2022-08-04,31650,33400,31150,32900,4508880,146853750350,4.78,18765086400.0,206472050.0,-18538010750.0,-433547700.0,469071.0,4508880.0,10.4,A323410
245,2022-08-05,33000,33000,31950,32300,1537284,49862980600,-1.82,1029015850.0,21130100.0,4366573350.0,-5416719300.0,162732.0,1537284.0,10.59,A323410
246,2022-08-08,32200,32500,31500,32000,1008583,32306837200,-0.93,-3324463000.0,-19275250.0,9591957550.0,-6248219300.0,164936.0,1008583.0,16.35,A323410
247,2022-08-09,31750,33350,31750,33200,1703261,56099273500,3.75,7255162200.0,54588050.0,-14471037800.0,7161287550.0,98019.0,1703261.0,5.75,A323410
248,2022-08-10,32950,33000,31500,31550,1726192,55160872650,-4.97,-4007479050.0,215932300.0,24135662100.0,-20344115350.0,179086.0,1726192.0,10.37,A323410
249,2022-08-11,32150,33200,32050,33150,2097603,68430740350,5.07,10744664200.0,-437454300.0,-21403820300.0,11096610400.0,250341.0,2097603.0,11.93,A323410
250,2022-08-12,32800,33500,32750,32950,965590,31884592050,-0.6,3061417950.0,114555100.0,549278150.0,-3725251200.0,63050.0,965590.0,6.53,A323410
251,2022-08-16,33300,33300,32300,32400,1088816,35608430850,-1.67,-4825719550.0,35728150.0,7917030650.0,-3127039250.0,175305.0,1088816.0,16.1,A323410
252,2022-08-17,32850,33100,32400,32400,674516,21970289550,0.0,3444841850.0,109036100.0,-461725050.0,-3092152900.0,101583.0,674516.0,15.06,A323410
253,2022-08-18,32000,32300,31100,31200,1501362,47265058000,-3.7,-12456467100.0,580040900.0,20597207650.0,-8720781450.0,232469.0,1501362.0,15.48,A323410
254,2022-08-19,29500,30100,27150,28650,29537451,845368039486,-8.17,-410512690936.0,1691300650.0,191409495500.0,217411894786.0,931360.0,29537451.0,3.15,A323410
255,2022-08-22,28650,28800,27900,28050,3505072,99156136000,-2.09,-4953628500.0,349520750.0,26000703450.0,-21396595700.0,258600.0,3505072.0,7.38,A323410
256,2022-08-23,27550,28300,27500,27800,2421829,67608845250,-0.89,815971250.0,68342800.0,10292324350.0,-11176638400.0,172653.0,2421829.0,7.13,A323410
257,2022-08-24,28000,28400,27550,28300,2411714,67661152500,1.8,4380021900.0,233801050.0,-734685800.0,-3879137150.0,121845.0,2411714.0,5.05,A323410
258,2022-08-25,28400,28600,28200,28300,1713316,48643274550,0.0,8511765450.0,255741600.0,-2217109900.0,-6550397150.0,19642.0,1713316.0,1.15,A323410
259,2022-08-26,28400,28600,28050,28100,1271311,35945437500,-0.71,-215128600.0,-740528800.0,8015961400.0,-7060304000.0,35323.0,1271311.0,2.78,A323410
260,2022-08-29,27200,27350,26900,26950,2467445,66689235150,-4.09,-9451870450.0,1019443000.0,25268260650.0,-16835833200.0,678377.0,2467445.0,27.49,A323410
261,2022-08-30,27100,27450,27100,27300,1262354,34426091950,1.3,-3567211350.0,105310400.0,-1829551400.0,5291452350.0,324247.0,1262354.0,25.69,A323410
262,2022-08-31,27100,27400,26950,27300,1599488,43477937800,0.0,-13361230350.0,26067750.0,5820983050.0,7514179550.0,565688.0,1599488.0,35.37,A323410
263,2022-09-01,27100,27150,26000,26100,3236747,85460639100,-4.4,-13673845350.0,-93588800.0,29306463000.0,-15539028850.0,698859.0,3236747.0,21.59,A323410
264,2022-09-02,26400,26600,25700,25850,1734680,45284099150,-0.96,-8080002200.0,164639300.0,8786700700.0,-871337800.0,375813.0,1734680.0,21.66,A323410
265,2022-09-05,25600,26100,25400,25600,1578530,40436195250,-0.97,-2215200950.0,-26299500.0,-221306050.0,2462806500.0,377364.0,1578530.0,23.91,A323410
266,2022-09-06,25600,25850,25300,25600,1131133,28889984050,0.0,-2947934700.0,1639850.0,863651450.0,2082643400.0,308721.0,1131133.0,27.29,A323410
267,2022-09-07,25400,25450,24800,24850,1562561,38986865900,-2.93,2470808300.0,110342100.0,4034905700.0,-6616056100.0,320615.0,1562561.0,20.52,A323410
268,2022-09-08,25150,25350,24850,25000,1695455,42470791500,0.6,3120714950.0,43696250.0,-5866419500.0,2702008300.0,232113.0,1695455.0,13.69,A323410
269,2022-09-13,25500,26950,25500,26800,3069085,81029384150,7.2,11724359300.0,-208964300.0,-33006130750.0,21490735750.0,175363.0,3069085.0,5.71,A323410
270,2022-09-14,25850,26350,25400,26250,2203749,57044424950,-2.05,-6249303700.0,32162200.0,3960708550.0,2256432950.0,526080.0,2203749.0,23.87,A323410
271,2022-09-15,26300,26500,25600,25600,1120056,29132149750,-2.48,-4370916150.0,39664600.0,8156088950.0,-3824837400.0,190179.0,1120056.0,16.98,A323410
272,2022-09-16,25500,25500,24800,25250,1964019,49256073200,-1.37,-9100102950.0,109738500.0,9479214700.0,-488850250.0,738989.0,1964019.0,37.63,A323410
273,2022-09-19,25250,25350,24900,25000,1138066,28483889800,-0.99,-1117451600.0,57099250.0,-1528805600.0,2589157950.0,302923.0,1138066.0,26.62,A323410
274,2022-09-20,25300,25700,25050,25250,1131063,28623136950,1.0,1772523050.0,-826489300.0,-4536886400.0,3590852650.0,154426.0,1131063.0,13.65,A323410
275,2022-09-21,25000,25250,24300,25050,1450014,36027148350,-0.79,-3128630800.0,-319905750.0,3011660000.0,436876550.0,265191.0,1450014.0,18.29,A323410
276,2022-09-22,24550,24700,23850,24050,1861186,44839680400,-3.99,-3851979000.0,-63782350.0,17866951250.0,-13951189900.0,387852.0,1861186.0,20.84,A323410
277,2022-09-23,23950,24050,23300,23450,1661681,39152672550,-2.49,-607738650.0,88731100.0,-2248887600.0,2767895150.0,267224.0,1661681.0,16.08,A323410
278,2022-09-26,22850,22950,21800,21800,3982222,88273057500,-7.04,-5719769150.0,222674950.0,7473847750.0,-1976753550.0,710291.0,3982222.0,17.84,A323410
279,2022-09-27,21750,22000,20950,21500,3172907,67709205150,-1.38,-2820457700.0,41425750.0,4939797700.0,-2160765750.0,671991.0,3172907.0,21.18,A323410
280,2022-09-28,21250,22350,21250,21900,3269289,70890695100,1.86,-322938150.0,-139630850.0,-13828910500.0,14291479500.0,143907.0,3269289.0,4.4,A323410
281,2022-09-29,22050,22250,20450,20600,3270904,69713180200,-5.94,-1436842000.0,-145699300.0,18969070200.0,-17386528900.0,479753.0,3270904.0,14.67,A323410
282,2022-09-30,20500,20550,19650,20050,3572107,71807493650,-2.67,4268385700.0,48371650.0,1260410400.0,-5577167750.0,1118566.0,3572107.0,31.31,A323410
283,2022-10-04,20400,20800,20250,20350,2381731,48764423100,1.5,-1147838200.0,-1022984700.0,-4718844300.0,6889667200.0,355579.0,2381731.0,14.93,A323410
284,2022-10-05,20650,21600,19900,20000,3706917,76719846500,-1.72,-3724089600.0,-376368150.0,748740300.0,3351717450.0,401133.0,3706917.0,10.82,A323410
285,2022-10-06,20300,20650,20100,20250,1281487,26102972300,1.25,-2240216750.0,31041900.0,1829398600.0,379776250.0,137513.0,1281487.0,10.73,A323410
286,2022-10-07,19800,19900,18350,18350,6342105,119295326000,-9.38,-8504503850.0,26959700.0,34705936650.0,-26228392500.0,1459606.0,6342105.0,23.01,A323410
287,2022-10-11,18100,18550,17650,17800,3147167,56788808300,-3.0,-4706456350.0,342674400.0,6808413650.0,-2444631700.0,583475.0,3147167.0,18.54,A323410
288,2022-10-12,17700,17800,17050,17750,3511517,61127646250,-0.28,-1364867650.0,-237363250.0,5281186550.0,-3678955650.0,804434.0,3511517.0,22.91,A323410
289,2022-10-13,17350,17500,16500,16550,4515245,75762904800,-6.76,-1801896800.0,204360800.0,12265121750.0,-10667585750.0,809509.0,4515245.0,17.93,A323410
290,2022-10-14,17250,17950,17100,17500,5452407,95512803350,5.74,8874214650.0,-128853100.0,-9063717250.0,318355700.0,1043497.0,5452407.0,19.14,A323410
291,2022-10-17,16550,16700,15950,16600,6227448,101865111800,-5.14,-11111047750.0,151741400.0,22193770800.0,-11234464450.0,1124745.0,6227448.0,18.06,A323410
292,2022-10-18,17000,17500,16900,17200,3062046,52559608600,3.61,-1724009950.0,59244800.0,-3249649950.0,4914415100.0,314403.0,3062046.0,10.27,A323410
293,2022-10-19,17350,18200,17350,17400,3804967,67600106950,1.16,-2131375350.0,-70611100.0,-6114090150.0,8316076600.0,518231.0,3804967.0,13.62,A323410
294,2022-10-20,17450,17650,16550,16850,3722302,63120226550,-3.16,-7314531600.0,82051400.0,18765179650.0,-11532699450.0,1219507.0,3722302.0,32.76,A323410
295,2022-10-21,16700,17150,16500,16750,1838153,30909939500,-0.59,-835959300.0,26361800.0,-53050500.0,862648000.0,370741.0,1838153.0,20.17,A323410
296,2022-10-24,17200,17450,16600,16750,2174318,36941308900,0.0,4770324600.0,163807750.0,2777309750.0,-7711442100.0,394144.0,2174318.0,18.13,A323410
297,2022-10-25,16700,16950,16300,16350,1950396,32245084950,-2.39,180866700.0,22676150.0,8416844900.0,-8620387750.0,465738.0,1950396.0,23.88,A323410
298,2022-10-26,16400,16550,15900,15950,2635020,42454125200,-2.45,-6822459650.0,9917250.0,9467113100.0,-2654570700.0,735179.0,2635020.0,27.9,A323410
299,2022-10-27,16050,16450,16000,16250,1914446,31101112000,1.88,3826216450.0,46661400.0,-1683167550.0,-2189710300.0,486586.0,1914446.0,25.42,A323410
300,2022-10-28,16150,16300,15800,15850,3015918,48287605050,-2.46,-319019550.0,63231400.0,11035252850.0,-10779464700.0,952687.0,3015918.0,31.59,A323410
301,2022-10-31,16150,17100,16100,17100,3901609,64983401500,7.89,8510647300.0,111922050.0,-22638344400.0,14015775050.0,324777.0,3901609.0,8.32,A323410
302,2022-11-01,17000,17650,16850,17300,2557884,44337850050,1.17,3825351350.0,-11296400.0,1828044550.0,-5642099500.0,233576.0,2557884.0,9.13,A323410
303,2022-11-02,17650,20500,17650,20250,25181000,492490906900,17.05,2220665650.0,243962050.0,-11845039650.0,9380411950.0,929711.0,25181000.0,3.69,A323410
304,2022-11-03,19600,20400,18800,19850,8661506,170388507750,-1.98,-5431929800.0,801859350.0,4991828100.0,-361757650.0,866860.0,8661506.0,10.01,A323410
305,2022-11-04,19900,21800,19900,20950,11576493,244951731300,5.54,-579634900.0,136598500.0,-7133779300.0,7576815700.0,760654.0,11576493.0,6.57,A323410
306,2022-11-07,21150,21150,20300,20500,3558867,73388430100,-2.15,1937391350.0,-143933200.0,11037857100.0,-12831315250.0,516284.0,3558867.0,14.51,A323410
307,2022-11-08,20700,21950,20650,21650,5516901,118173671950,5.61,20263761950.0,-154949650.0,-22041594450.0,1932782150.0,128575.0,5516901.0,2.33,A323410
308,2022-11-09,22000,23650,21950,23200,10376460,239212488750,7.16,306338600.0,143313750.0,7689142650.0,-8138795000.0,914769.0,10376460.0,8.82,A323410
309,2022-11-10,22550,23600,22300,22950,4964575,113706402000,-1.08,-6667452600.0,343218500.0,13861021900.0,-7536787800.0,937652.0,4964575.0,18.89,A323410
310,2022-11-11,25250,29400,25050,27600,32689166,897645424100,20.26,19208989600.0,-1545999700.0,-45635659200.0,27972669300.0,1485667.0,32689166.0,4.54,A323410
311,2022-11-14,28050,30250,27600,27900,18426232,532231754350,1.09,-18508965400.0,3297241000.0,-14523487200.0,29735211600.0,1232823.0,18426232.0,6.69,A323410
312,2022-11-15,28350,29050,27650,28700,7731617,219064523250,2.87,-8354043550.0,-1667808500.0,1809008800.0,8212843250.0,449237.0,7731617.0,5.81,A323410
313,2022-11-16,29300,29400,28200,28300,7234826,208602199500,-1.39,-16112527300.0,-676037100.0,14966171200.0,1822393200.0,794014.0,7234826.0,10.97,A323410
314,2022-11-17,27900,28800,27550,28250,3864461,109184526650,-0.18,-6386100000.0,-35800350.0,440519950.0,5981380400.0,498016.0,3864461.0,12.89,A323410
315,2022-11-18,28300,28500,26950,27700,4459794,123748379200,-1.95,-9435515950.0,99256200.0,-9349134950.0,18685394700.0,411020.0,4459794.0,9.22,A323410
316,2022-11-21,27400,28350,26700,26850,3689255,100719468950,-3.07,-2294181400.0,-391380650.0,1857950300.0,827611750.0,621250.0,3689255.0,16.84,A323410
317,2022-11-22,26600,26650,24900,25000,5517295,140892140000,-6.89,-10862313150.0,46396350.0,5051193550.0,5764723250.0,925007.0,5517295.0,16.77,A323410
318,2022-11-23,25900,26750,24850,25000,5018825,129020654400,0.0,-5134412400.0,-219399150.0,4822522150.0,531289400.0,447068.0,5018825.0,8.91,A323410
319,2022-11-24,25150,26150,25150,25800,2999955,76974965250,3.2,397157850.0,920968600.0,-13974330650.0,12656204200.0,164021.0,2999955.0,5.47,A323410
320,2022-11-25,25550,26750,25050,26400,3857123,100983293150,2.33,-4290750450.0,-41875350.0,-20410238400.0,24742864200.0,322974.0,3857123.0,8.37,A323410
321,2022-11-28,26400,26400,24700,25000,2891018,73413520700,-5.3,-6595488050.0,-28063350.0,17045547700.0,-10421996300.0,494718.0,2891018.0,17.11,A323410
322,2022-11-29,24750,25350,24400,25050,2282850,56968072950,0.2,1976370350.0,208343600.0,2883338750.0,-5068052700.0,596496.0,2282850.0,26.13,A323410
323,2022-11-30,24800,25050,24450,25050,3987073,98978312800,0.0,-8074017250.0,48676700.0,-693387400.0,8718727950.0,960616.0,3987073.0,24.09,A323410
324,2022-12-01,26250,28150,26200,26500,8803813,237519515050,5.79,15089091350.0,-1749738000.0,-18174407800.0,4835054450.0,447538.0,8803813.0,5.08,A323410
325,2022-12-02,26700,27450,26150,26250,3444549,91845441200,-0.94,-2360516450.0,352188600.0,3652380250.0,-1644052400.0,286829.0,3444549.0,8.33,A323410
326,2022-12-05,26550,27950,26500,27400,6193979,169347707650,4.38,10194855400.0,-694749150.0,-17535211750.0,8035105500.0,196397.0,6193979.0,3.17,A323410
327,2022-12-06,26950,28100,26600,27650,4010849,110702436250,0.91,-3984782300.0,230732400.0,-11643610000.0,15397659900.0,206618.0,4010849.0,5.15,A323410
328,2022-12-07,27350,27550,26600,26800,2459232,66231692550,-3.07,-2227793150.0,-134058450.0,9659126650.0,-7297275050.0,280266.0,2459232.0,11.4,A323410
329,2022-12-08,26950,27650,26700,27450,2774536,75387238800,2.43,10129359700.0,308386000.0,-7737097250.0,-2700648450.0,458671.0,2774536.0,16.53,A323410
330,2022-12-09,27800,28150,27400,28100,3539550,98764659650,2.37,12995675500.0,285586750.0,-17375998850.0,4094736600.0,133978.0,3539550.0,3.79,A323410
331,2022-12-12,28000,28650,27400,28000,2818746,79048284450,-0.36,947758550.0,11688550.0,-829089200.0,-130357900.0,322266.0,2818746.0,11.43,A323410
332,2022-12-13,28500,29050,28250,29000,4514967,129357972400,3.57,12922178600.0,-297251800.0,-42412854250.0,29787927450.0,55974.0,4514967.0,1.24,A323410
333,2022-12-14,29500,29500,28400,28700,3122812,89820462500,-1.03,-2835667850.0,1335101650.0,15308312500.0,-13807746300.0,484924.0,3122812.0,15.53,A323410
334,2022-12-15,28300,28500,25800,26050,5868570,158011446600,-9.23,-24121798700.0,-1522358300.0,40770104300.0,-15125947300.0,1138183.0,5868570.0,19.39,A323410
335,2022-12-16,25250,26700,25100,26000,3220011,83712363800,-0.19,-10016196750.0,292313400.0,4618456900.0,5105426450.0,387953.0,3220011.0,12.05,A323410
336,2022-12-19,25600,26650,25550,25900,1859512,48533894700,-0.38,3298472800.0,127738750.0,-6922008750.0,3495797200.0,142499.0,1859512.0,7.66,A323410
337,2022-12-20,25800,26350,25600,25900,1732074,44968990700,0.0,-5208722650.0,-14150750.0,-2527187950.0,7750061350.0,224343.0,1732074.0,12.95,A323410
338,2022-12-21,26250,26400,25600,26300,1395898,36367783900,1.54,1222915150.0,-27692250.0,-3410427150.0,2215204250.0,147666.0,1395898.0,10.58,A323410
339,2022-12-22,26700,26800,26200,26350,131020654,3452440819000,0.19,3332746750.0,33000.0,-1194229700.0,-2138550050.0,163477.0,131020654.0,0.12,A323410
340,2022-12-23,26000,26200,25050,25100,2382779,60933773000,-4.74,6502383400.0,-127878950.0,4956042200.0,-11330546650.0,376486.0,2382779.0,15.8,A323410
